index,obj_pos_x,obj_pos_y,obj_pos_z,obj_qtn_x,obj_qtn_y,obj_qtn_z,obj_qtn_w,obs_pos_x,obs_pos_y,obs_pos_z,obj_qtn_x,obj_qtn_y,obj_qtn_z,obj_qtn_w,start_energy,start_gravity_energy,start_elastic_energy,escape_energy_cost
390,-0.2559132363306065,0.1678990636904595,1.7285293405317828,-0.10114610800937644,0.9138727499341929,0.18070233089565851,-0.34921730966712916,0,0,2,0.6988882962338909,-0.10571078187807806,0.10562663504969944,0.6994450614237633,1.7465293405317828,,,0.6076271152702957
