index,obj_pos_x,obj_pos_y,obj_pos_z,obj_qtn_x,obj_qtn_y,obj_qtn_z,obj_qtn_w,obs_pos_x,obs_pos_y,obs_pos_z,obj_qtn_x,obj_qtn_y,obj_qtn_z,obj_qtn_w,start_energy,start_gravity_energy,start_elastic_energy,escape_energy_cost
300,-0.229186115347299,0.08580288635618928,1.8730269074806172,-0.020446092513444966,0.8889016770078798,0.10972120346090192,-0.4442938480607199,0,0,2,0.6988882962338909,-0.10571078187807806,0.10562663504969944,0.6994450614237633,1.8730269074806172,,,0.4867960878610029
330,-0.3614123808930386,0.11013248015168829,1.883289067698285,-0.05132461204191288,0.8810070319110562,0.1293292469657972,-0.4521795437669403,0,0,2,0.6988882962338909,-0.10571078187807806,0.10562663504969944,0.6994450614237633,1.883289067698285,,,0.47665723867372267
360,-0.3324920152295976,0.13181918972645987,1.8347791155087023,-0.07817175655619957,0.8899680918229519,0.155778857828003,-0.42140113842719373,0,0,2,0.6988882962338909,-0.10571078187807806,0.10562663504969944,0.6994450614237633,1.8347791155087023,,,0.5518597612948186
390,-0.2559132363306065,0.1678990636904595,1.7285293405317828,-0.10114610800937644,0.9138727499341929,0.18070233089565851,-0.34921730966712916,0,0,2,0.6988882962338909,-0.10571078187807806,0.10562663504969944,0.6994450614237633,1.7285293405317828,,,0.7332699210617308
420,-0.10792316814445264,0.20142635250092833,1.583369733149556,-0.12955496058854635,0.9432128511333896,0.1913655322218966,-0.238629970291145,0,0,2,0.6988882962338909,-0.10571078187807806,0.10562663504969944,0.6994450614237633,1.583369733149556,,,0.817846502467483
450,0.13026820867285344,0.20933784838331515,1.4944068931484495,-0.1607225041958814,0.9634262569525176,0.1834609946541786,-0.11099634002959716,0,0,2,0.6988882962338909,-0.10571078187807806,0.10562663504969944,0.6994450614237633,1.4944068931484495,,,0.8617036742709017
480,0.41507406686817155,0.19558788991039733,1.4550467358591972,-0.19007787305296958,0.9693568922769439,0.15499265563521802,-0.013960453788729048,0,0,2,0.6988882962338909,-0.10571078187807806,0.10562663504969944,0.6994450614237633,1.4550467358591972,,,0.9117681621074276
510,0.6954015289715105,0.16793795735035247,1.4066854801192765,-0.213434227189432,0.9682791770698144,0.11579157252366526,0.05893706515894601,0,0,2,0.6988882962338909,-0.10571078187807806,0.10562663504969944,0.6994450614237633,1.4066854801192765,,,1.0378780793440636
