frameID,obj_joint_0_pos_x,obj_joint_0_pos_y,obj_joint_0_pos_z,obj_joint_1_pos_x,obj_joint_1_pos_y,obj_joint_1_pos_z,obj_joint_2_pos_x,obj_joint_2_pos_y,obj_joint_2_pos_z,obj_joint_3_pos_x,obj_joint_3_pos_y,obj_joint_3_pos_z,obj_joint_4_pos_x,obj_joint_4_pos_y,obj_joint_4_pos_z,obj_joint_5_pos_x,obj_joint_5_pos_y,obj_joint_5_pos_z,obs_pos_x,obs_pos_y,obs_pos_z,obj_qtn_x,obj_qtn_y,obj_qtn_z,obj_qtn_w,start_energy,start_gravity_energy,start_elastic_energy,escape_energy_cost
137,0.6962405443191528,0.03085417114198208,0.3800971806049347,0.7023674845695496,0.10989397019147873,0.401218056678772,0.6806493997573853,0.17369601130485535,0.3658544719219208,0.6460902690887451,0.16999711096286774,0.22137907147407532,0.6129868030548096,0.1592574566602707,0.07644058018922806,0.5791456699371338,0.1424989253282547,-0.0674026757478714,0,0,0,0.0,0.0,0.0,1.0,0.04889808811075337,0,0.04889808811075337,inf
139,0.6880285739898682,0.028124865144491196,0.37924909591674805,0.6934299468994141,0.1069648340344429,0.39995110034942627,0.6694650053977966,0.16769471764564514,0.3633023798465729,0.636650800704956,0.16716034710407257,0.2220482975244522,0.6028140783309937,0.15314315259456635,0.08071991801261902,0.5602664947509766,0.12315864115953445,-0.0557996891438961,0,0,0,0.0,0.0,0.0,1.0,0.046330455659292696,0,0.046330455659292696,inf
140,0.6830166578292847,0.025431355461478233,0.379098117351532,0.6884089708328247,0.10398370027542114,0.3996933698654175,0.664207935333252,0.16435080766677856,0.36210542917251587,0.6360645890235901,0.16664311289787292,0.22091035544872284,0.6033431887626648,0.1514381468296051,0.08056054264307022,0.5583471655845642,0.11535409837961197,-0.05292973294854164,0,0,0,0.0,0.0,0.0,1.0,0.04478814278504141,0,0.04478814278504141,inf
