num_ctrl_points,escaoe_energy_trial1,escaoe_energy_trial2,
4,3.1696076205260084,3.2078199453137004,2.707,2.97,3.5605512404671833,3.5809978079506823,
5,3.81,3.4735069655792623,4.806583333401059,
6,5.7306490134293995,7.9798579527065865,
7,6.770482287113978,8.383770102317808
8,11.479873294340855