index,obj_pos_x,obj_pos_y,obj_pos_z,obj_qtn_x,obj_qtn_y,obj_qtn_z,obj_qtn_w,obs_pos_x,obs_pos_y,obs_pos_z,obj_qtn_x,obj_qtn_y,obj_qtn_z,obj_qtn_w,start_energy,start_gravity_energy,start_elastic_energy,escape_energy_cost
12200,-0.06457428918486517,0.7878748187816175,2.115498718719412,0.2270194727156005,-0.008426160012077574,0.015390570309736196,0.9737321444734802,0.5,0.8700999999998983,3.3201000000006755,0.08494750217997231,0.0,0.0,0.9963854283726673,2.115498718719412,,,0.0
